연도,시도,시군구,자가비율
2016,서울특별시,종로구,0.4782844733984799
2016,서울특별시,중구,0.42079102188222045
2016,서울특별시,용산구,0.4567343951022581
2016,서울특별시,성동구,0.4611214680286252
2016,서울특별시,광진구,0.4216668034693152
2016,서울특별시,동대문구,0.45807589251889047
2016,서울특별시,중랑구,0.46809374821509037
2016,서울특별시,성북구,0.5092447095257212
2016,서울특별시,강북구,0.4968864468864469
2016,서울특별시,도봉구,0.6127655841255663
2016,서울특별시,노원구,0.5605407466056714
2016,서울특별시,은평구,0.542016501188645
2016,서울특별시,서대문구,0.48474099588405845
2016,서울특별시,마포구,0.4522947724757503
2016,서울특별시,양천구,0.5753462417229699
2016,서울특별시,강서구,0.4917045434130392
2016,서울특별시,구로구,0.5412488590741107
2016,서울특별시,금천구,0.4633305496670307
2016,서울특별시,영등포구,0.47392855197952405
2016,서울특별시,동작구,0.48470301057770543
2016,서울특별시,관악구,0.37677928611701433
2016,서울특별시,서초구,0.5443112266286577
2016,서울특별시,강남구,0.48495959866733046
2016,서울특별시,송파구,0.5175107560192547
2016,서울특별시,강동구,0.4720255466470026
2016,부산광역시,중구,0.48241156927887435
2016,부산광역시,서구,0.48759457653424154
2016,부산광역시,동구,0.5202101425967621
2016,부산광역시,영도구,0.5646118281641302
2016,부산광역시,부산진구,0.5463234810084918
2016,부산광역시,동래구,0.617357021758976
2016,부산광역시,남구,0.6172034882649017
2016,부산광역시,북구,0.6404249165154742
2016,부산광역시,해운대구,0.6131945299189594
2016,부산광역시,사하구,0.6083385131041645
2016,부산광역시,금정구,0.5784568527918782
2016,부산광역시,강서구,0.5068238048365213
2016,부산광역시,연제구,0.6226335340079416
2016,부산광역시,수영구,0.5762460443037974
2016,부산광역시,사상구,0.5820485977188826
2016,부산광역시,기장군,0.48537259805907323
2016,대구광역시,중구,0.48691115175867344
2016,대구광역시,동구,0.5607928757822956
2016,대구광역시,서구,0.5274982389051022
2016,대구광역시,남구,0.454743204181144
2016,대구광역시,북구,0.5811992411229944
2016,대구광역시,수성구,0.634376233086822
2016,대구광역시,달서구,0.5956964892412231
2016,대구광역시,달성군,0.5957148895699038
2016,인천광역시,중구,0.5177807121391494
2016,인천광역시,동구,0.6584512341962673
2016,인천광역시,남구,0.5319320390738417
2016,인천광역시,연수구,0.5871853952499114
2016,인천광역시,남동구,0.57027143427928
2016,인천광역시,부평구,0.5940455183023393
2016,인천광역시,계양구,0.638593770195166
2016,인천광역시,서구,0.570641130578626
2016,인천광역시,강화군,0.6832829611021706
2016,인천광역시,옹진군,0.5287559333259741
2016,광주광역시,동구,0.5077973608932361
2016,광주광역시,서구,0.5805808043179523
2016,광주광역시,남구,0.5938114592893667
2016,광주광역시,북구,0.5645569474640807
2016,광주광역시,광산구,0.5717753802545654
2016,대전광역시,동구,0.5015128287881233
2016,대전광역시,중구,0.5966231659662317
2016,대전광역시,서구,0.5407994280036381
2016,대전광역시,유성구,0.5259952488311217
2016,대전광역시,대덕구,0.5627357982106285
2016,울산광역시,중구,0.606509670487106
2016,울산광역시,남구,0.6080903148397753
2016,울산광역시,동구,0.6342714608433735
2016,울산광역시,북구,0.6637035239149891
2016,울산광역시,울주군,0.6368362845920145
2016,세종특별자치시,세종시,0.522214725758464
2016,경기도,수원시,0.5302518427518428
2016,경기도,장안구,0.5873480199717955
2016,경기도,권선구,0.5157093181242468
2016,경기도,팔달구,0.46572810371458234
2016,경기도,영통구,0.5384325577205009
2016,경기도,성남시,0.4818069362100477
2016,경기도,수정구,0.3526086680895125
2016,경기도,중원구,0.45574052126259934
2016,경기도,분당구,0.5666838833982346
2016,경기도,의정부시,0.5577055186626975
2016,경기도,안양시,0.609100983785045
2016,경기도,만안구,0.5756732607195775
2016,경기도,동안구,0.6342916563674642
2016,경기도,부천시,0.5782369490054821
2016,경기도,광명시,0.5883346190108854
2016,경기도,평택시,0.5263715736278408
2016,경기도,동두천시,0.5472509526401742
2016,경기도,안산시,0.5002536704157853
2016,경기도,상록구,0.48640556436643456
2016,경기도,단원구,0.5170934627126413
2016,경기도,고양시,0.5687701993938784
2016,경기도,덕양구,0.543599328654257
2016,경기도,일산동구,0.513372827037001
2016,경기도,일산서구,0.6679669055000103
2016,경기도,과천시,0.5432087124605157
2016,경기도,구리시,0.577060606060606
2016,경기도,남양주시,0.5698063731717055
2016,경기도,오산시,0.4822507357876801
2016,경기도,시흥시,0.5573343210283002
2016,경기도,군포시,0.6037434839601264
2016,경기도,의왕시,0.5978214318964714
2016,경기도,하남시,0.490505662919456
2016,경기도,용인시,0.5981372584606822
2016,경기도,처인구,0.5412226234055046
2016,경기도,기흥구,0.5859647090341686
2016,경기도,수지구,0.653604653231114
2016,경기도,파주시,0.5100678021707631
2016,경기도,이천시,0.5730607498749307
2016,경기도,안성시,0.5190582799777547
2016,경기도,김포시,0.5527753275444885
2016,경기도,화성시,0.528419839674813
2016,경기도,광주시,0.6020851433536055
2016,경기도,양주시,0.5359707680415994
2016,경기도,포천시,0.5189820170364917
2016,경기도,여주시,0.5843003917510533
2016,경기도,연천군,0.5147424904574874
2016,경기도,가평군,0.5665735567970205
2016,경기도,양평군,0.6044328300425862
2016,강원도,춘천시,0.5547451909927978
2016,강원도,원주시,0.5267501314455968
2016,강원도,강릉시,0.5341675881835211
2016,강원도,동해시,0.5671297582661851
2016,강원도,태백시,0.5789473684210527
2016,강원도,속초시,0.5684111067085251
2016,강원도,삼척시,0.5409499709332148
2016,강원도,홍천군,0.6168993387215282
2016,강원도,횡성군,0.6022042362665748
2016,강원도,영월군,0.6165934541854854
2016,강원도,평창군,0.6007875383635416
2016,강원도,정선군,0.5782889164005994
2016,강원도,철원군,0.5211594515815611
2016,강원도,화천군,0.43167224382743963
2016,강원도,양구군,0.4769049405208445
2016,강원도,인제군,0.5237538940809969
2016,강원도,고성군,0.5106301032198428
2016,강원도,양양군,0.595028067361668
2016,충청북도,충주시,0.5785888763622699
2016,충청북도,제천시,0.5685885050829707
2016,충청북도,청주시,0.5692629743805098
2016,충청북도,상당구,0.6429188255613126
2016,충청북도,서원구,0.5615749179730223
2016,충청북도,흥덕구,0.543986063005113
2016,충청북도,청원구,0.5482820926607909
2016,충청북도,보은군,0.6111030478955007
2016,충청북도,옥천군,0.6561619009262988
2016,충청북도,영동군,0.593973075264696
2016,충청북도,진천군,0.5354066450385949
2016,충청북도,괴산군,0.589058838041199
2016,충청북도,음성군,0.48974996117409536
2016,충청북도,단양군,0.6303305986516123
2016,충청북도,증평군,0.5024386892903757
2016,충청남도,천안시,0.5350827965725485
2016,충청남도,동남구,0.5352926817360738
2016,충청남도,서북구,0.5349251629840939
2016,충청남도,공주시,0.569112725120102
2016,충청남도,보령시,0.5592908636163013
2016,충청남도,아산시,0.5432771444918798
2016,충청남도,서산시,0.5903873190476926
2016,충청남도,논산시,0.5313867106892283
2016,충청남도,계룡시,0.5993167746067896
2016,충청남도,당진시,0.5596161920905712
2016,충청남도,금산군,0.5875465228118597
2016,충청남도,부여군,0.5957119885653028
2016,충청남도,서천군,0.5963760504201681
2016,충청남도,청양군,0.6295475389789056
2016,충청남도,홍성군,0.5624018936090693
2016,충청남도,예산군,0.634857895727461
2016,충청남도,태안군,0.5995249406175772
2016,전라북도,전주시,0.5812319935246811
2016,전라북도,완산구,0.5752326691111573
2016,전라북도,덕진구,0.5888187147238707
2016,전라북도,군산시,0.5698019664610177
2016,전라북도,익산시,0.5635655428168942
2016,전라북도,정읍시,0.5467328918322296
2016,전라북도,남원시,0.6088538690565697
2016,전라북도,김제시,0.5587398315559516
2016,전라북도,완주군,0.5291184894452106
2016,전라북도,진안군,0.6607554353271216
2016,전라북도,무주군,0.6495794953944733
2016,전라북도,장수군,0.6534675367769052
2016,전라북도,임실군,0.5148404755795056
2016,전라북도,순창군,0.6427076064200977
2016,전라북도,고창군,0.49780897681344394
2016,전라북도,부안군,0.6122967253285809
2016,전라남도,목포시,0.5535174748751794
2016,전라남도,여수시,0.5767319144192269
2016,전라남도,순천시,0.5921416166719292
2016,전라남도,나주시,0.551458840301846
2016,전라남도,광양시,0.5720989917506875
2016,전라남도,담양군,0.6515868840960898
2016,전라남도,곡성군,0.6221209024447764
2016,전라남도,구례군,0.6667287630402384
2016,전라남도,고흥군,0.5196246318240976
2016,전라남도,보성군,0.6167724137931034
2016,전라남도,화순군,0.5645814130565463
2016,전라남도,장흥군,0.6226912928759895
2016,전라남도,강진군,0.684831609652612
2016,전라남도,해남군,0.6064311124926606
2016,전라남도,영암군,0.5506600377164409
2016,전라남도,무안군,0.5573200676041966
2016,전라남도,함평군,0.5138805970149254
2016,전라남도,영광군,0.540982058545798
2016,전라남도,장성군,0.6127205926639764
2016,전라남도,완도군,0.5615067968600421
2016,전라남도,진도군,0.6166400971684506
2016,전라남도,신안군,0.6337568058076225
2016,경상북도,포항시,0.5918965733651311
2016,경상북도,남구,0.6110073648209152
2016,경상북도,북구,0.5743570486341797
2016,경상북도,경주시,0.5673908918406072
2016,경상북도,김천시,0.5945373971239939
2016,경상북도,안동시,0.5851272876583763
2016,경상북도,구미시,0.5616913774020273
2016,경상북도,영주시,0.6262392893993092
2016,경상북도,영천시,0.6006056609763841
2016,경상북도,상주시,0.6384027430530752
2016,경상북도,문경시,0.627024308466052
2016,경상북도,경산시,0.5394093762923419
2016,경상북도,군위군,0.6515837104072398
2016,경상북도,의성군,0.6694897400244385
2016,경상북도,청송군,0.6052100692921674
2016,경상북도,영양군,0.6379150681307051
2016,경상북도,영덕군,0.6078614880673842
2016,경상북도,청도군,0.6878370941111722
2016,경상북도,고령군,0.5855595132086673
2016,경상북도,성주군,0.6248556915262065
2016,경상북도,칠곡군,0.5546386916565386
2016,경상북도,예천군,0.6363122462613701
2016,경상북도,봉화군,0.6162890123984609
2016,경상북도,울진군,0.567527469980064
2016,경상북도,울릉군,0.49308871575772806
2016,경상남도,진주시,0.5927291188416034
2016,경상남도,통영시,0.6198348654771489
2016,경상남도,사천시,0.5997986126650258
2016,경상남도,김해시,0.6187512986217295
2016,경상남도,밀양시,0.6004458700152415
2016,경상남도,거제시,0.6228205856666351
2016,경상남도,양산시,0.5875635065080693
2016,경상남도,창원시,0.5988239029656443
2016,경상남도,의창구,0.5326509636881868
2016,경상남도,성산구,0.6544442503057684
2016,경상남도,마산합포구,0.5986843950741956
2016,경상남도,마산회원구,0.6336896011414158
2016,경상남도,진해구,0.5852972972972973
2016,경상남도,의령군,0.6058881741712023
2016,경상남도,함안군,0.6038842883137139
2016,경상남도,창녕군,0.5954915228464989
2016,경상남도,고성군,0.6406949911768698
2016,경상남도,남해군,0.6618146281246785
2016,경상남도,하동군,0.6375989171178675
2016,경상남도,산청군,0.6335416112735974
2016,경상남도,함양군,0.6562574493444577
2016,경상남도,거창군,0.6338248257071881
2016,경상남도,합천군,0.6237877221483779
2016,제주특별자치도,제주시,0.5448131773173056
2016,제주특별자치도,서귀포시,0.5663299105664127
2017,서울특별시,종로구,0.47811517988841146
2017,서울특별시,중구,0.4170816733067729
2017,서울특별시,용산구,0.45082435072775573
2017,서울특별시,성동구,0.4652231784849161
2017,서울특별시,광진구,0.42329180363351054
2017,서울특별시,동대문구,0.4602254738667805
2017,서울특별시,중랑구,0.4710032382808816
2017,서울특별시,성북구,0.5151613257560429
2017,서울특별시,강북구,0.4973719565371108
2017,서울특별시,도봉구,0.6137139409719466
2017,서울특별시,노원구,0.5576063659431894
2017,서울특별시,은평구,0.5414966516552457
2017,서울특별시,서대문구,0.4920266515094101
2017,서울특별시,마포구,0.45326344444880706
2017,서울특별시,양천구,0.5790798852170693
2017,서울특별시,강서구,0.48290533747017117
2017,서울특별시,구로구,0.5449554801101787
2017,서울특별시,금천구,0.4728157682181032
2017,서울특별시,영등포구,0.46975108261780035
2017,서울특별시,동작구,0.48547437867826215
2017,서울특별시,관악구,0.37603999793292336
2017,서울특별시,서초구,0.5365210625478256
2017,서울특별시,강남구,0.4860803688111531
2017,서울특별시,송파구,0.5065342966368581
2017,서울특별시,강동구,0.4689631565845158
2017,부산광역시,중구,0.48081942187423055
2017,부산광역시,서구,0.5222587719298246
2017,부산광역시,동구,0.5088230575905032
2017,부산광역시,영도구,0.5671135012070421
2017,부산광역시,부산진구,0.5592226032990364
2017,부산광역시,동래구,0.625323254426099
2017,부산광역시,남구,0.617158569100874
2017,부산광역시,북구,0.6378353131939793
2017,부산광역시,해운대구,0.6143158989695413
2017,부산광역시,사하구,0.6034663988227325
2017,부산광역시,금정구,0.5815137037968318
2017,부산광역시,강서구,0.5021077952699645
2017,부산광역시,연제구,0.6225353884869456
2017,부산광역시,수영구,0.5714265924140415
2017,부산광역시,사상구,0.5829969755292824
2017,부산광역시,기장군,0.4735660338844662
2017,대구광역시,중구,0.5107073525843242
2017,대구광역시,동구,0.5767573212525924
2017,대구광역시,서구,0.5339388512216963
2017,대구광역시,남구,0.45876265994401044
2017,대구광역시,북구,0.5806039605716752
2017,대구광역시,수성구,0.637892255248654
2017,대구광역시,달서구,0.5976131368574487
2017,대구광역시,달성군,0.6036466346705858
2017,인천광역시,중구,0.5035841122513454
2017,인천광역시,동구,0.6588906953003895
2017,인천광역시,남구,0.5206434380577082
2017,인천광역시,연수구,0.6124716416365471
2017,인천광역시,남동구,0.5709292992918754
2017,인천광역시,부평구,0.5867427926407079
2017,인천광역시,계양구,0.640434227771263
2017,인천광역시,서구,0.5916425042202493
2017,인천광역시,강화군,0.6967781481055817
2017,인천광역시,옹진군,0.5312934631432545
2017,광주광역시,동구,0.5153549983957464
2017,광주광역시,서구,0.5727459603777139
2017,광주광역시,남구,0.6028507446770697
2017,광주광역시,북구,0.5650930634749405
2017,광주광역시,광산구,0.5715425584967385
2017,대전광역시,동구,0.5006042174377152
2017,대전광역시,중구,0.5929636142863124
2017,대전광역시,서구,0.5360768861925908
2017,대전광역시,유성구,0.5077645045005839
2017,대전광역시,대덕구,0.5629484848899033
2017,울산광역시,중구,0.6134485769945588
2017,울산광역시,남구,0.6144899934434419
2017,울산광역시,동구,0.6415856704261649
2017,울산광역시,북구,0.6768655622342765
2017,울산광역시,울주군,0.6368045079974568
2017,세종특별자치시,세종시,0.536065180924994
2017,경기도,수원시,0.5333442620742002
2017,경기도,장안구,0.589957722714088
2017,경기도,권선구,0.5282045932130136
2017,경기도,팔달구,0.4651874328339339
2017,경기도,영통구,0.5341995858427784
2017,경기도,성남시,0.48731763625996133
2017,경기도,수정구,0.3715973768869092
2017,경기도,중원구,0.4654474979999775
2017,경기도,분당구,0.5630675213773578
2017,경기도,의정부시,0.5560429946256717
2017,경기도,안양시,0.6110407108003787
2017,경기도,만안구,0.5775914108313212
2017,경기도,동안구,0.6384533159005981
2017,경기도,부천시,0.5811011034428978
2017,경기도,광명시,0.5836392014270033
2017,경기도,평택시,0.5332235404833126
2017,경기도,동두천시,0.55566377187998806
2017,경기도,안산시,0.500940118937803
2017,경기도,상록구,0.4877214729957896
2017,경기도,단원구,0.5171608910025527
2017,경기도,고양시,0.5605506702236275
2017,경기도,덕양구,0.540861157199406
2017,경기도,일산동구,0.49647479143307804
2017,경기도,일산서구,0.6614964711633449
2017,경기도,과천시,0.527013141528311
2017,경기도,구리시,0.5601642293407614
2017,경기도,남양주시,0.5584201840657264
2017,경기도,오산시,0.4792955315637637
2017,경기도,시흥시,0.5591445697981834
2017,경기도,군포시,0.5991457153872689
2017,경기도,의왕시,0.6001596021082325
2017,경기도,하남시,0.5152306028857985
2017,경기도,용인시,0.6000253165302224
2017,경기도,처인구,0.5437591389601362
2017,경기도,기흥구,0.5935157142147858
2017,경기도,수지구,0.6487100747757595
2017,경기도,파주시,0.5097488400577808
2017,경기도,이천시,0.5921770967699905
2017,경기도,안성시,0.5571896113381933
2017,경기도,김포시,0.566432264120022
2017,경기도,화성시,0.5269164938612949
2017,경기도,광주시,0.6175167030495469
2017,경기도,양주시,0.541276072964239
2017,경기도,포천시,0.5286565396139642
2017,경기도,여주시,0.6008775084514134
2017,경기도,연천군,0.5224485265553027
2017,경기도,가평군,0.576711706127846
2017,경기도,양평군,0.6150489227801001
2017,강원도,춘천시,0.553674548932616
2017,강원도,원주시,0.5279653023787774
2017,강원도,강릉시,0.539032423170216
2017,강원도,동해시,0.5703359661808878
2017,강원도,태백시,0.5943026580535846
2017,강원도,속초시,0.563679743891758
2017,강원도,삼척시,0.5454766199528236
2017,강원도,홍천군,0.6332879363486489
2017,강원도,횡성군,0.6204762170300563
2017,강원도,영월군,0.624832378398147
2017,강원도,평창군,0.6075593084036992
2017,강원도,정선군,0.58828125
2017,강원도,철원군,0.548334274421231
2017,강원도,화천군,0.4870547011874635
2017,강원도,양구군,0.5204645394069229
2017,강원도,인제군,0.550051193195243
2017,강원도,고성군,0.5587171052631579
2017,강원도,양양군,0.6057404472618418
2017,충청북도,충주시,0.5866360994361273
2017,충청북도,제천시,0.5815413145037623
2017,충청북도,청주시,0.5710928246173849
2017,충청북도,상당구,0.6518994458276444
2017,충청북도,서원구,0.561450308627207
2017,충청북도,흥덕구,0.5441014000763312
2017,충청북도,청원구,0.5504748363558322
2017,충청북도,보은군,0.637647902474005
2017,충청북도,옥천군,0.6676501475221284
2017,충청북도,영동군,0.6241870696250956
2017,충청북도,진천군,0.5309940718911695
2017,충청북도,괴산군,0.6067510548523207
2017,충청북도,음성군,0.5271586124958029
2017,충청북도,단양군,0.6473769168684423
2017,충청북도,증평군,0.4976208028952483
2017,충청남도,천안시,0.5401077485544944
2017,충청남도,동남구,0.5401162734080573
2017,충청남도,서북구,0.5401017388976227
2017,충청남도,공주시,0.5749018014357308
2017,충청남도,보령시,0.5824308937180512
2017,충청남도,아산시,0.5518119374703931
2017,충청남도,서산시,0.6020255911742098
2017,충청남도,논산시,0.5508967324543445
2017,충청남도,계룡시,0.589523169912693
2017,충청남도,당진시,0.5700425144245369
2017,충청남도,금산군,0.6144332581149106
2017,충청남도,부여군,0.641857301399778
2017,충청남도,서천군,0.6301812622843416
2017,충청남도,청양군,0.6535604412095746
2017,충청남도,홍성군,0.5615705650964213
2017,충청남도,예산군,0.6566814518648092
2017,충청남도,태안군,0.6085651621840009
2017,전라북도,전주시,0.5861651064100323
2017,전라북도,완산구,0.5755123053382717
2017,전라북도,덕진구,0.5994902066004829
2017,전라북도,군산시,0.5795621517220985
2017,전라북도,익산시,0.5723055129264549
2017,전라북도,정읍시,0.5594394825993224
2017,전라북도,남원시,0.6257241482815549
2017,전라북도,김제시,0.5978805505960951
2017,전라북도,완주군,0.5593019894352317
2017,전라북도,진안군,0.6729017725981784
2017,전라북도,무주군,0.6572978303747534
2017,전라북도,장수군,0.6705520123158126
2017,전라북도,임실군,0.5640398245021937
2017,전라북도,순창군,0.664264629275916
2017,전라북도,고창군,0.5439569746760397
2017,전라북도,부안군,0.6369597216646594
2017,전라남도,목포시,0.5568934376881397
2017,전라남도,여수시,0.5715249475542248
2017,전라남도,순천시,0.6005097226680675
2017,전라남도,나주시,0.5676692581427503
2017,전라남도,광양시,0.5758460589792883
2017,전라남도,담양군,0.6686235394699345
2017,전라남도,곡성군,0.6559718969555035
2017,전라남도,구례군,0.6890328551596483
2017,전라남도,고흥군,0.5818225767464346
2017,전라남도,보성군,0.6425680545545268
2017,전라남도,화순군,0.5867712376455524
2017,전라남도,장흥군,0.6324624587962397
2017,전라남도,강진군,0.7060497749536669
2017,전라남도,해남군,0.6228401260431455
2017,전라남도,영암군,0.5856869731467802
2017,전라남도,무안군,0.5749247107307022
2017,전라남도,함평군,0.5867090479006505
2017,전라남도,영광군,0.566059866754246
2017,전라남도,장성군,0.6298388535410596
2017,전라남도,완도군,0.5847704581283142
2017,전라남도,진도군,0.6289994730106151
2017,전라남도,신안군,0.6449231513977974
2017,경상북도,포항시,0.5952364294209953
2017,경상북도,남구,0.6117729796680977
2017,경상북도,북구,0.5802085221256665
2017,경상북도,경주시,0.5956088723681864
2017,경상북도,김천시,0.6040592100614711
2017,경상북도,안동시,0.6027487582235637
2017,경상북도,구미시,0.575826976709824
2017,경상북도,영주시,0.6230933904201231
2017,경상북도,영천시,0.6175955471317867
2017,경상북도,상주시,0.6539480531768936
2017,경상북도,문경시,0.6418015482054891
2017,경상북도,경산시,0.5433325353124252
2017,경상북도,군위군,0.6627281460134486
2017,경상북도,의성군,0.6787402904424181
2017,경상북도,청송군,0.6257202723939235
2017,경상북도,영양군,0.6572372769332452
2017,경상북도,영덕군,0.6231560387893036
2017,경상북도,청도군,0.6978922716627635
2017,경상북도,고령군,0.6063318292773134
2017,경상북도,성주군,0.6417415183935008
2017,경상북도,칠곡군,0.564296938038816
2017,경상북도,예천군,0.6545338754715132
2017,경상북도,봉화군,0.6410475377170509
2017,경상북도,울진군,0.5816525699414443
2017,경상북도,울릉군,0.5147347740667977
2017,경상남도,진주시,0.593298478050625
2017,경상남도,통영시,0.6221813679510749
2017,경상남도,사천시,0.625651534726244
2017,경상남도,김해시,0.6198002894657378
2017,경상남도,밀양시,0.6276172270324974
2017,경상남도,거제시,0.639177425459439
2017,경상남도,양산시,0.6097134731942139
2017,경상남도,창원시,0.6064831893916041
2017,경상남도,의창구,0.546336013827556
2017,경상남도,성산구,0.6611272213547476
2017,경상남도,마산합포구,0.6086696354021709
2017,경상남도,마산회원구,0.6368830899597041
2017,경상남도,진해구,0.5895341972844573
2017,경상남도,의령군,0.6354814630505101
2017,경상남도,함안군,0.6370910714950314
2017,경상남도,창녕군,0.6260318174996248
2017,경상남도,고성군,0.6647276334776335
2017,경상남도,남해군,0.6579692244351809
2017,경상남도,하동군,0.6585644541393996
2017,경상남도,산청군,0.6593126022913257
2017,경상남도,함양군,0.6722629463230078
2017,경상남도,거창군,0.6666799442342163
2017,경상남도,합천군,0.6636354650588119
2017,제주특별자치도,제주시,0.546062343613741
2017,제주특별자치도,서귀포시,0.5626389575098815
2018,서울특별시,종로구,0.47041851567277687
2018,서울특별시,중구,0.4161048548077285
2018,서울특별시,용산구,0.4492108108108108
2018,서울특별시,성동구,0.46789767914619684
2018,서울특별시,광진구,0.42216694120415504
2018,서울특별시,동대문구,0.45969355124035544
2018,서울특별시,중랑구,0.47585986302400846
2018,서울특별시,성북구,0.5170841499799352
2018,서울특별시,강북구,0.49955703992912637
2018,서울특별시,도봉구,0.6157927244508496
2018,서울특별시,노원구,0.5599428644860275
2018,서울특별시,은평구,0.5421864143202197
2018,서울특별시,서대문구,0.4913559282058539
2018,서울특별시,마포구,0.45078094746353425
2018,서울특별시,양천구,0.5789717290281969
2018,서울특별시,강서구,0.4782824469574217
2018,서울특별시,구로구,0.5471629276410536
2018,서울특별시,금천구,0.47226318303599246
2018,서울특별시,영등포구,0.4661184935026797
2018,서울특별시,동작구,0.48068361249574293
2018,서울특별시,관악구,0.37055511676331826
2018,서울특별시,서초구,0.5351632372054717
2018,서울특별시,강남구,0.49048911036374293
2018,서울특별시,송파구,0.4990617827359811
2018,서울특별시,강동구,0.471843148091162
2018,부산광역시,중구,0.4886855073921352
2018,부산광역시,서구,0.5335778781038375
2018,부산광역시,동구,0.4994353928052912
2018,부산광역시,영도구,0.5704384780363809
2018,부산광역시,부산진구,0.5576153096436004
2018,부산광역시,동래구,0.6270263286056473
2018,부산광역시,남구,0.6190489030298127
2018,부산광역시,북구,0.6414930555555556
2018,부산광역시,해운대구,0.6141823743119503
2018,부산광역시,사하구,0.5906052212129184
2018,부산광역시,금정구,0.5779089776300955
2018,부산광역시,강서구,0.5439493049877351
2018,부산광역시,연제구,0.6228028562868271
2018,부산광역시,수영구,0.5703043166657479
2018,부산광역시,사상구,0.5795362735875159
2018,부산광역시,기장군,0.45954703148523923
2018,대구광역시,중구,0.5081063648890323
2018,대구광역시,동구,0.5802794773672338
2018,대구광역시,서구,0.5420241489403634
2018,대구광역시,남구,0.45980985306828004
2018,대구광역시,북구,0.581211522383522
2018,대구광역시,수성구,0.6364466525326318
2018,대구광역시,달서구,0.5981063886709805
2018,대구광역시,달성군,0.6134019499272577
2018,인천광역시,중구,0.4817932333906775
2018,인천광역시,동구,0.6632863193068346
2018,인천광역시,연수구,0.6237041351193943
2018,인천광역시,남동구,0.5672765507903365
2018,인천광역시,부평구,0.5877295100381921
2018,인천광역시,계양구,0.6424813678211311
2018,인천광역시,서구,0.6147360877652427
2018,인천광역시,미추홀구,0.5154379564285407
2018,인천광역시,강화군,0.7005013469021251
2018,인천광역시,옹진군,0.5596240026232375
2018,광주광역시,동구,0.5237863515235778
2018,광주광역시,서구,0.5855081262460107
2018,광주광역시,남구,0.6003570668495354
2018,광주광역시,북구,0.5743037981817875
2018,광주광역시,광산구,0.5755923701405847
2018,대전광역시,동구,0.5043617697187289
2018,대전광역시,중구,0.5897377018380703
2018,대전광역시,서구,0.5390550953970412
2018,대전광역시,유성구,0.5179855087982297
2018,대전광역시,대덕구,0.5686258391560488
2018,울산광역시,중구,0.61434093059847
2018,울산광역시,남구,0.6191554309893902
2018,울산광역시,동구,0.6496905078264251
2018,울산광역시,북구,0.6875130930268285
2018,울산광역시,울주군,0.635370329857313
2018,세종특별자치시,세종시,0.5422544085895034
2018,경기도,수원시,0.5411173885750157
2018,경기도,장안구,0.5998166111674147
2018,경기도,권선구,0.5326261674963355
2018,경기도,팔달구,0.47083300098375475
2018,경기도,영통구,0.5442108724411375
2018,경기도,성남시,0.4906212255303043
2018,경기도,수정구,0.3837594233089608
2018,경기도,중원구,0.46418606752742103
2018,경기도,분당구,0.5636951469268472
2018,경기도,의정부시,0.5589489111463826
2018,경기도,안양시,0.6131063887913203
2018,경기도,만안구,0.5829913850516683
2018,경기도,동안구,0.638162481008133
2018,경기도,부천시,0.5913335128964818
2018,경기도,광명시,0.5893787472456143
2018,경기도,평택시,0.5460005430933961
2018,경기도,동두천시,0.5604147638747112
2018,경기도,안산시,0.5077878274427448
2018,경기도,상록구,0.49414289155043684
2018,경기도,단원구,0.5241291901577728
2018,경기도,고양시,0.5631653463313411
2018,경기도,덕양구,0.5428022542540839
2018,경기도,일산동구,0.504436230926069
2018,경기도,일산서구,0.6615041544477028
2018,경기도,과천시,0.5256986829424992
2018,경기도,구리시,0.5761054066839191
2018,경기도,남양주시,0.5499321410778402
2018,경기도,오산시,0.504690364087266
2018,경기도,시흥시,0.5639904970892802
2018,경기도,군포시,0.6033445425816384
2018,경기도,의왕시,0.6004619798070117
2018,경기도,하남시,0.5014472669564926
2018,경기도,용인시,0.5981172412049431
2018,경기도,처인구,0.537305345744969
2018,경기도,기흥구,0.6011877286412082
2018,경기도,수지구,0.6416983726600133
2018,경기도,파주시,0.5092652520060574
2018,경기도,이천시,0.6009167886929394
2018,경기도,안성시,0.568132232317932
2018,경기도,김포시,0.5692783967086906
2018,경기도,화성시,0.5135444880511488
2018,경기도,광주시,0.6300743500099235
2018,경기도,양주시,0.54792885740683706
2018,경기도,포천시,0.5383248774321393
2018,경기도,여주시,0.6061923895060269
2018,경기도,연천군,0.5255680247664326
2018,경기도,가평군,0.5842501213395891
2018,경기도,양평군,0.6255564458689459
2018,강원도,춘천시,0.550519408060788
2018,강원도,원주시,0.535614520072847
2018,강원도,강릉시,0.5384386305479573
2018,강원도,동해시,0.5752834593152513
2018,강원도,태백시,0.6011359374162782
2018,강원도,속초시,0.5663682598221456
2018,강원도,삼척시,0.5590091618595181
2018,강원도,홍천군,0.6379176379176379
2018,강원도,횡성군,0.6272297442510208
2018,강원도,영월군,0.6309938709289749
2018,강원도,평창군,0.6166250283897343
2018,강원도,정선군,0.5896775854302079
2018,강원도,철원군,0.5726090014064698
2018,강원도,화천군,0.4955256170714918
2018,강원도,양구군,0.511679153812252
2018,강원도,인제군,0.5499686716791979
2018,강원도,고성군,0.574515834095254
2018,강원도,양양군,0.6210370885086424
2018,충청북도,충주시,0.5845498303479839
2018,충청북도,제천시,0.5980947659182662
2018,충청북도,청주시,0.5741593671832455
2018,충청북도,상당구,0.6524582981253716
2018,충청북도,서원구,0.561886878753957
2018,충청북도,흥덕구,0.5505794578463069
2018,충청북도,청원구,0.5533394398358985
2018,충청북도,보은군,0.6411931818181819
2018,충청북도,옥천군,0.677094587957961
2018,충청북도,영동군,0.6256753526177384
2018,충청북도,진천군,0.5317667536988686
2018,충청북도,괴산군,0.6135401133313451
2018,충청북도,음성군,0.5177602491961415
2018,충청북도,단양군,0.6424629454430779
2018,충청북도,증평군,0.4977199127618796
2018,충청남도,천안시,0.5436798742162842
2018,충청남도,동남구,0.539105104818299
2018,충청남도,서북구,0.5468261475000656
2018,충청남도,공주시,0.5867076674447836
2018,충청남도,보령시,0.5986845275381872
2018,충청남도,아산시,0.5643587341331365
2018,충청남도,서산시,0.6043790716017645
2018,충청남도,논산시,0.5557538095531082
2018,충청남도,계룡시,0.5936933914793694
2018,충청남도,당진시,0.578745961077443
2018,충청남도,금산군,0.6203416488269474
2018,충청남도,부여군,0.6469485229081904
2018,충청남도,서천군,0.6333976495351693
2018,충청남도,청양군,0.6473727117764767
2018,충청남도,홍성군,0.5745787493108986
2018,충청남도,예산군,0.6632456113476916
2018,충청남도,태안군,0.6184957964099068
2018,전라북도,전주시,0.5937974366598332
2018,전라북도,완산구,0.5744638935302401
2018,전라북도,덕진구,0.6161483243498579
2018,전라북도,군산시,0.5886455559752716
2018,전라북도,익산시,0.5724490226706632
2018,전라북도,정읍시,0.5569275387792767
2018,전라북도,남원시,0.6321714199486947
2018,전라북도,김제시,0.5994338696167066
2018,전라북도,완주군,0.5645800316957211
2018,전라북도,진안군,0.6829573934837093
2018,전라북도,무주군,0.6555458004097161
2018,전라북도,장수군,0.6713339845869967
2018,전라북도,임실군,0.5814907872696817
2018,전라북도,순창군,0.6753044830266909
2018,전라북도,고창군,0.5566879519600795
2018,전라북도,부안군,0.6419847328244275
2018,전라남도,목포시,0.5620988808978618
2018,전라남도,여수시,0.5881974564434316
2018,전라남도,순천시,0.6061724734843775
2018,전라남도,나주시,0.5721480900052328
2018,전라남도,광양시,0.5968616467377643
2018,전라남도,담양군,0.6695431472081218
2018,전라남도,곡성군,0.6749037227214377
2018,전라남도,구례군,0.6931451240889381
2018,전라남도,고흥군,0.5907632876901321
2018,전라남도,보성군,0.6475236505286589
2018,전라남도,화순군,0.581768466765853
2018,전라남도,장흥군,0.6226461237466373
2018,전라남도,강진군,0.7063016253663735
2018,전라남도,해남군,0.6078438220297548
2018,전라남도,영암군,0.6081544686840253
2018,전라남도,무안군,0.5884383908774152
2018,전라남도,함평군,0.4979123173277662
2018,전라남도,영광군,0.5687957231288688
2018,전라남도,장성군,0.6398813056379822
2018,전라남도,완도군,0.5856514673549373
2018,전라남도,진도군,0.6255593477436481
2018,전라남도,신안군,0.649408641081342
2018,경상북도,포항시,0.6028264236359304
2018,경상북도,남구,0.6125694517244994
2018,경상북도,북구,0.5940640733128429
2018,경상북도,경주시,0.6040247850842916
2018,경상북도,김천시,0.6068466560790542
2018,경상북도,안동시,0.6071858927259368
2018,경상북도,구미시,0.5897371561457728
2018,경상북도,영주시,0.6258141044291757
2018,경상북도,영천시,0.6223776223776224
2018,경상북도,상주시,0.6557280223025492
2018,경상북도,문경시,0.6450175849941383
2018,경상북도,경산시,0.5640485459125257
2018,경상북도,군위군,0.6659725508755324
2018,경상북도,의성군,0.682756873178766
2018,경상북도,청송군,0.6228511894426115
2018,경상북도,영양군,0.6635464733025709
2018,경상북도,영덕군,0.6270629000998414
2018,경상북도,청도군,0.7009979390389414
2018,경상북도,고령군,0.6073596919887457
2018,경상북도,성주군,0.6462069355659897
2018,경상북도,칠곡군,0.5720737913486005
2018,경상북도,예천군,0.6719463087248322
2018,경상북도,봉화군,0.6441896895471376
2018,경상북도,울진군,0.5911999626325377
2018,경상북도,울릉군,0.5172496984318457
2018,경상남도,진주시,0.5975862568860539
2018,경상남도,통영시,0.6307981220657277
2018,경상남도,사천시,0.626043881375622
2018,경상남도,김해시,0.6216728183698927
2018,경상남도,밀양시,0.6273730289900389
2018,경상남도,거제시,0.6703861745252827
2018,경상남도,양산시,0.6110896576789405
2018,경상남도,창원시,0.6098464265950174
2018,경상남도,의창구,0.5537852743531954
2018,경상남도,성산구,0.6600420712765698
2018,경상남도,마산합포구,0.6118694279860457
2018,경상남도,마산회원구,0.6414870476567135
2018,경상남도,진해구,0.59273372942703
2018,경상남도,의령군,0.6378320760905215
2018,경상남도,함안군,0.6434957532409477
2018,경상남도,창녕군,0.6312202793275171
2018,경상남도,고성군,0.6735596893624707
2018,경상남도,남해군,0.6956409860532139
2018,경상남도,하동군,0.6625155022736668
2018,경상남도,산청군,0.6644164611190445
2018,경상남도,함양군,0.6689058940358665
2018,경상남도,거창군,0.67589461266221
2018,경상남도,합천군,0.6696211933646943
2018,제주특별자치도,제주시,0.5476061477222468
2018,제주특별자치도,서귀포시,0.5596611761942512
2019,서울특별시,종로구,0.4868001021515674
2019,서울특별시,중구,0.41318628890193776
2019,서울특별시,용산구,0.4474065488264271
2019,서울특별시,성동구,0.4755722081941842
2019,서울특별시,광진구,0.4225075881391548
2019,서울특별시,동대문구,0.4576168359746274
2019,서울특별시,중랑구,0.4716810966810967
2019,서울특별시,성북구,0.512898279286365
2019,서울특별시,강북구,0.4971018342030435
2019,서울특별시,도봉구,0.6127918253423847
2019,서울특별시,노원구,0.5584290522093935
2019,서울특별시,은평구,0.5354751473849316
2019,서울특별시,서대문구,0.4947176118474754
2019,서울특별시,마포구,0.44721292666602924
2019,서울특별시,양천구,0.5757212940620261
2019,서울특별시,강서구,0.4677368979948779
2019,서울특별시,구로구,0.5385963162029704
2019,서울특별시,금천구,0.4647434929265468
2019,서울특별시,영등포구,0.4619322648337156
2019,서울특별시,동작구,0.4763916757090984
2019,서울특별시,관악구,0.36121228639626024
2019,서울특별시,서초구,0.5321122173809508
2019,서울특별시,강남구,0.4863744649532258
2019,서울특별시,송파구,0.4850165733589203
2019,서울특별시,강동구,0.4675044178283919
2019,부산광역시,중구,0.48314606741573035
2019,부산광역시,서구,0.5294370065224854
2019,부산광역시,동구,0.49778581348426487
2019,부산광역시,영도구,0.5693755895871385
2019,부산광역시,부산진구,0.5555752363333399
2019,부산광역시,동래구,0.6244960068232922
2019,부산광역시,남구,0.6177661881463161
2019,부산광역시,북구,0.6388428573974092
2019,부산광역시,해운대구,0.6192152595532228
2019,부산광역시,사하구,0.5838519463546691
2019,부산광역시,금정구,0.5792149584378147
2019,부산광역시,강서구,0.528384742670457
2019,부산광역시,연제구,0.613384014005132
2019,부산광역시,수영구,0.5589928154528422
2019,부산광역시,사상구,0.5808630269155272
2019,부산광역시,기장군,0.4491620830518833
2019,대구광역시,중구,0.5025579559739235
2019,대구광역시,동구,0.5774531501494596
2019,대구광역시,서구,0.541051635577183
2019,대구광역시,남구,0.4547372121638249
2019,대구광역시,북구,0.5826235288730137
2019,대구광역시,수성구,0.6331994984357783
2019,대구광역시,달서구,0.5951505493135806
2019,대구광역시,달성군,0.6181867552297104
2019,인천광역시,중구,0.47468559108875313
2019,인천광역시,동구,0.6627486796648533
2019,인천광역시,연수구,0.6276566381451836
2019,인천광역시,남동구,0.5601853670031025
2019,인천광역시,부평구,0.5800235982147438
2019,인천광역시,계양구,0.6405571603253646
2019,인천광역시,서구,0.6062515651911705
2019,인천광역시,미추홀구,0.49836982675649666
2019,인천광역시,강화군,0.7075569358178054
2019,인천광역시,옹진군,0.5820356578650417
2019,광주광역시,동구,0.5328780531209681
2019,광주광역시,서구,0.5852273189626411
2019,광주광역시,남구,0.6043958594439028
2019,광주광역시,북구,0.5706789588216538
2019,광주광역시,광산구,0.5765521261780613
2019,대전광역시,동구,0.5070394567008877
2019,대전광역시,중구,0.5797869019624164
2019,대전광역시,서구,0.5324884441509625
2019,대전광역시,유성구,0.5135710893191406
2019,대전광역시,대덕구,0.5713038779666653
2019,울산광역시,중구,0.6055027894324312
2019,울산광역시,남구,0.6182191493167625
2019,울산광역시,동구,0.6538955902709116
2019,울산광역시,북구,0.68691070799807
2019,울산광역시,울주군,0.657997014005735
2019,세종특별자치시,세종시,0.5352295162882527
2019,경기도,수원시,0.5399878867653072
2019,경기도,장안구,0.5927250236765302
2019,경기도,권선구,0.5286485034047277
2019,경기도,팔달구,0.47196186383778704
2019,경기도,영통구,0.5487744778304416
2019,경기도,성남시,0.4872873969669049
2019,경기도,수정구,0.3835783942195948
2019,경기도,중원구,0.45840365444766984
2019,경기도,분당구,0.5611994469408919
2019,경기도,의정부시,0.5654963537991061
2019,경기도,안양시,0.6089112520965507
2019,경기도,만안구,0.5796264305765494
2019,경기도,동안구,0.6328985186822905
2019,경기도,부천시,0.5907793914911352
2019,경기도,광명시,0.5885941047013361
2019,경기도,평택시,0.5457203897028743
2019,경기도,동두천시,0.5632624607877309
2019,경기도,안산시,0.5142253298569961
2019,경기도,상록구,0.5006965439563696
2019,경기도,단원구,0.5296730632551528
2019,경기도,고양시,0.5608733030146408
2019,경기도,덕양구,0.5403285515964831
2019,경기도,일산동구,0.508241909192476
2019,경기도,일산서구,0.6512050357965088
2019,경기도,과천시,0.5086503359610602
2019,경기도,구리시,0.5785144635562842
2019,경기도,남양주시,0.5663038039064486
2019,경기도,오산시,0.49767644662711846
2019,경기도,시흥시,0.5579296608367742
2019,경기도,군포시,0.5946056111188436
2019,경기도,의왕시,0.586705455565097
2019,경기도,하남시,0.47352095701909497
2019,경기도,용인시,0.6146113538057629
2019,경기도,처인구,0.5775522126478749
2019,경기도,기흥구,0.6180886897710954
2019,경기도,수지구,0.6388690767171811
2019,경기도,파주시,0.5128662373863401
2019,경기도,이천시,0.6025856383839138
2019,경기도,안성시,0.5733129911160316
2019,경기도,김포시,0.5694309151499616
2019,경기도,화성시,0.5517850380533317
2019,경기도,광주시,0.6370730637021867
2019,경기도,양주시,0.544090608222402
2019,경기도,포천시,0.5435450380107425
2019,경기도,여주시,0.6074167307647483
2019,경기도,연천군,0.5339064532549064
2019,경기도,가평군,0.5892585170340682
2019,경기도,양평군,0.640788756945201
2019,강원도,춘천시,0.5545750770585645
2019,강원도,원주시,0.5495461953467461
2019,강원도,강릉시,0.5563506455430923
2019,강원도,동해시,0.5849671397801955
2019,강원도,태백시,0.6116206301251619
2019,강원도,속초시,0.5754537748808932
2019,강원도,삼척시,0.5636047818534791
2019,강원도,홍천군,0.6443080829454084
2019,강원도,횡성군,0.635575296108291
2019,강원도,영월군,0.6346941233140655
2019,강원도,평창군,0.6305890302962045
2019,강원도,정선군,0.597883937159346
2019,강원도,철원군,0.5810971973762672
2019,강원도,화천군,0.5287758673942139
2019,강원도,양구군,0.5490080995421998
2019,강원도,인제군,0.5760181729677105
2019,강원도,고성군,0.609504132231405
2019,강원도,양양군,0.6336517512988101
2019,충청북도,충주시,0.5915113481389496
2019,충청북도,제천시,0.594336665389572
2019,충청북도,청주시,0.5799282961208739
2019,충청북도,상당구,0.674545482023304
2019,충청북도,서원구,0.5544224591906189
2019,충청북도,흥덕구,0.5584074584978357
2019,충청북도,청원구,0.5564707067654022
2019,충청북도,보은군,0.6568641412702934
2019,충청북도,옥천군,0.6885052383060352
2019,충청북도,영동군,0.6357414815171816
2019,충청북도,진천군,0.5182517248715844
2019,충청북도,괴산군,0.6243460882854288
2019,충청북도,음성군,0.5386463655217765
2019,충청북도,단양군,0.6671121943549021
2019,충청북도,증평군,0.4933003772603096
2019,충청남도,천안시,0.5504060397226751
2019,충청남도,동남구,0.5500864755879877
2019,충청남도,서북구,0.5506271598617688
2019,충청남도,공주시,0.5891422706176366
2019,충청남도,보령시,0.6039120985269258
2019,충청남도,아산시,0.5687703381509223
2019,충청남도,서산시,0.6129898320575803
2019,충청남도,논산시,0.566443555628112
2019,충청남도,계룡시,0.6000133084908171
2019,충청남도,당진시,0.579134567135984
2019,충청남도,금산군,0.634521158129176
2019,충청남도,부여군,0.6534915302694589
2019,충청남도,서천군,0.6395199504007795
2019,충청남도,청양군,0.6542370348228964
2019,충청남도,홍성군,0.5755652894518765
2019,충청남도,예산군,0.6649257583578781
2019,충청남도,태안군,0.6204485439059768
2019,전라북도,전주시,0.5940553527840905
2019,전라북도,완산구,0.5732041473947259
2019,전라북도,덕진구,0.6169722376145389
2019,전라북도,군산시,0.5937760896888963
2019,전라북도,익산시,0.5742141607431136
2019,전라북도,정읍시,0.5594764052359477
2019,전라북도,남원시,0.6330244870946393
2019,전라북도,김제시,0.6059551767127657
2019,전라북도,완주군,0.5714476139696081
2019,전라북도,진안군,0.6855431001159644
2019,전라북도,무주군,0.6603535353535354
2019,전라북도,장수군,0.6740916955017301
2019,전라북도,임실군,0.5879849812265332
2019,전라북도,순창군,0.6828163123039387
2019,전라북도,고창군,0.5714528462192013
2019,전라북도,부안군,0.6487333151729774
2019,전라남도,목포시,0.5697929905434806
2019,전라남도,여수시,0.5957542042330072
2019,전라남도,순천시,0.6142800759298589
2019,전라남도,나주시,0.5730267644050461
2019,전라남도,광양시,0.603929882067909
2019,전라남도,담양군,0.6602502406159769
2019,전라남도,곡성군,0.672209026128266
2019,전라남도,구례군,0.6967365102911182
2019,전라남도,고흥군,0.6044309266235786
2019,전라남도,보성군,0.6486898576914389
2019,전라남도,화순군,0.596244131455399
2019,전라남도,장흥군,0.6349235474006116
2019,전라남도,강진군,0.7064619922241587
2019,전라남도,해남군,0.6381664385244463
2019,전라남도,영암군,0.6065415219589396
2019,전라남도,무안군,0.5803354323835651
2019,전라남도,함평군,0.6132201875837427
2019,전라남도,영광군,0.574279690794097
2019,전라남도,장성군,0.6373175449909139
2019,전라남도,완도군,0.593993272465161
2019,전라남도,진도군,0.6321619556913675
2019,전라남도,신안군,0.6477762271706814
2019,경상북도,포항시,0.6137477036129823
2019,경상북도,남구,0.6274845748762311
2019,경상북도,북구,0.6015742163848913
2019,경상북도,경주시,0.60973806310886
2019,경상북도,김천시,0.6109775641025641
2019,경상북도,안동시,0.6058724463645018
2019,경상북도,구미시,0.5942750315625911
2019,경상북도,영주시,0.6313567929937025
2019,경상북도,영천시,0.6208265989378896
2019,경상북도,상주시,0.6512834965593368
2019,경상북도,문경시,0.6485965145669815
2019,경상북도,경산시,0.5587496884014103
2019,경상북도,군위군,0.6684659090909091
2019,경상북도,의성군,0.6872975133588589
2019,경상북도,청송군,0.6039784572619875
2019,경상북도,영양군,0.6660034487332538
2019,경상북도,영덕군,0.6302163376285613
2019,경상북도,청도군,0.7047700902449506
2019,경상북도,고령군,0.611003861003861
2019,경상북도,성주군,0.6535463975329409
2019,경상북도,칠곡군,0.5933559703267945
2019,경상북도,예천군,0.6669660422547259
2019,경상북도,봉화군,0.6511578044596913
2019,경상북도,울진군,0.5866772923307707
2019,경상북도,울릉군,0.5279487810884018
2019,경상남도,진주시,0.6061200415014426
2019,경상남도,통영시,0.6426503759398496
2019,경상남도,사천시,0.6300642698896664
2019,경상남도,김해시,0.6335028860387256
2019,경상남도,밀양시,0.6280079246711039
2019,경상남도,거제시,0.6747716797541823
2019,경상남도,양산시,0.60840160881871
2019,경상남도,창원시,0.6121395505595701
2019,경상남도,의창구,0.5659498243954474
2019,경상남도,성산구,0.6609679245747483
2019,경상남도,마산합포구,0.6065844407454908
2019,경상남도,마산회원구,0.6497872283659939
2019,경상남도,진해구,0.5881312793034159
2019,경상남도,의령군,0.6400691699604744
2019,경상남도,함안군,0.6461596385542169
2019,경상남도,창녕군,0.639789394509214
2019,경상남도,고성군,0.6763654692082112
2019,경상남도,남해군,0.7008179747359702
2019,경상남도,하동군,0.6640532315469129
2019,경상남도,산청군,0.6708127116436572
2019,경상남도,함양군,0.6756772502184678
2019,경상남도,거창군,0.6773763289003962
2019,경상남도,합천군,0.6771516597097993
2019,제주특별자치도,제주시,0.55117406010147
2019,제주특별자치도,서귀포시,0.5631536372566014
2020,서울특별시,종로구,0.4876841076103069
2020,서울특별시,중구,0.4173306953696477
2020,서울특별시,용산구,0.44876402616127214
2020,서울특별시,성동구,0.4780089371941139
2020,서울특별시,광진구,0.4190610822539286
2020,서울특별시,동대문구,0.45522134957738425
2020,서울특별시,중랑구,0.46592894583576006
2020,서울특별시,성북구,0.5138929088277858
2020,서울특별시,강북구,0.49614421632448674
2020,서울특별시,도봉구,0.6124354202980481
2020,서울특별시,노원구,0.558222945805274
2020,서울특별시,은평구,0.5277525690994644
2020,서울특별시,서대문구,0.4922771801189975
2020,서울특별시,마포구,0.44760737112664223
2020,서울특별시,양천구,0.5741068632410686
2020,서울특별시,강서구,0.46002204041835826
2020,서울특별시,구로구,0.5396293339346551
2020,서울특별시,금천구,0.4517267383401655
2020,서울특별시,영등포구,0.4510471639438146
2020,서울특별시,동작구,0.4719072994528093
2020,서울특별시,관악구,0.3547692591952892
2020,서울특별시,서초구,0.5331245236127925
2020,서울특별시,강남구,0.4855650208539838
2020,서울특별시,송파구,0.4827537671152538
2020,서울특별시,강동구,0.4862883013073814
2020,부산광역시,중구,0.47347376633508875
2020,부산광역시,서구,0.5266287213558748
2020,부산광역시,동구,0.4944941673370877
2020,부산광역시,영도구,0.5626647260139255
2020,부산광역시,부산진구,0.5424652302600171
2020,부산광역시,동래구,0.611094865724015
2020,부산광역시,남구,0.6205958139324623
2020,부산광역시,북구,0.6372556819688652
2020,부산광역시,해운대구,0.6216703548889435
2020,부산광역시,사하구,0.5824984028546052
2020,부산광역시,금정구,0.5692520775623269
2020,부산광역시,강서구,0.5576533790096543
2020,부산광역시,연제구,0.6111273177049907
2020,부산광역시,수영구,0.5552151238591917
2020,부산광역시,사상구,0.5729504400185271
2020,부산광역시,기장군,0.43381292803075816
2020,대구광역시,중구,0.494957621031461
2020,대구광역시,동구,0.5677560865517534
2020,대구광역시,서구,0.5374306652091178
2020,대구광역시,남구,0.4486545138888889
2020,대구광역시,북구,0.5812767284390592
2020,대구광역시,수성구,0.6292225987431275
2020,대구광역시,달서구,0.5941546560382341
2020,대구광역시,달성군,0.614742880144913
2020,인천광역시,중구,0.47490503244024607
2020,인천광역시,동구,0.6616073551557422
2020,인천광역시,연수구,0.6236456273872035
2020,인천광역시,남동구,0.5555078801085714
2020,인천광역시,부평구,0.5710212772539093
2020,인천광역시,계양구,0.6369948606026471
2020,인천광역시,서구,0.5992312824240493
2020,인천광역시,미추홀구,0.4890532123996495
2020,인천광역시,강화군,0.7081252021418047
2020,인천광역시,옹진군,0.6065142857142857
2020,광주광역시,동구,0.5188022284122563
2020,광주광역시,서구,0.5830649576503172
2020,광주광역시,남구,0.6033203977129211
2020,광주광역시,북구,0.571003549211501
2020,광주광역시,광산구,0.5689759036144578
2020,대전광역시,동구,0.49379553512292046
2020,대전광역시,중구,0.57178539621444
2020,대전광역시,서구,0.5232124586809381
2020,대전광역시,유성구,0.49290071382219336
2020,대전광역시,대덕구,0.5691220714159304
2020,울산광역시,중구,0.6179469984275275
2020,울산광역시,남구,0.6173803738819184
2020,울산광역시,동구,0.6553920204318855
2020,울산광역시,북구,0.7009708002474341
2020,울산광역시,울주군,0.6515961122115251
2020,세종특별자치시,세종시,0.5248587408163559
2020,경기도,수원시,0.5301305115546602
2020,경기도,장안구,0.5743741500507575
2020,경기도,권선구,0.5209486773114759
2020,경기도,팔달구,0.4663670057566438
2020,경기도,영통구,0.5409963892830549
2020,경기도,성남시,0.4907558477752073
2020,경기도,수정구,0.3961536626103555
2020,경기도,중원구,0.45277025445547864
2020,경기도,분당구,0.5668317255795624
2020,경기도,의정부시,0.550848837797009
2020,경기도,안양시,0.6111894849120876
2020,경기도,만안구,0.5771143740674264
2020,경기도,동안구,0.6395926276418368
2020,경기도,부천시,0.5911604835031169
2020,경기도,광명시,0.5898027526642307
2020,경기도,평택시,0.5397377864296269
2020,경기도,동두천시,0.56371256853648255
2020,경기도,안산시,0.5254760205373794
2020,경기도,상록구,0.511512957015899
2020,경기도,단원구,0.5414844284102235
2020,경기도,고양시,0.5574907737975852
2020,경기도,덕양구,0.5433277526370172
2020,경기도,일산동구,0.4998576208443084
2020,경기도,일산서구,0.6431705953159506
2020,경기도,과천시,0.5182891143191573
2020,경기도,구리시,0.5787066741293871
2020,경기도,남양주시,0.5868636279187436
2020,경기도,오산시,0.5084376938058297
2020,경기도,시흥시,0.5513579107310471
2020,경기도,군포시,0.5792161727366115
2020,경기도,의왕시,0.5842978265258058
2020,경기도,하남시,0.43350642883818535
2020,경기도,용인시,0.6072509426794063
2020,경기도,처인구,0.5755516134818919
2020,경기도,기흥구,0.6092541884001804
2020,경기도,수지구,0.6294315261479394
2020,경기도,파주시,0.5132690552526269
2020,경기도,이천시,0.5991488341425403
2020,경기도,안성시,0.5675085306586702
2020,경기도,김포시,0.5836524026208293
2020,경기도,화성시,0.5404525415461474
2020,경기도,광주시,0.6500185264158725
2020,경기도,양주시,0.540600115406809
2020,경기도,포천시,0.5464258714825704
2020,경기도,여주시,0.6126509020210698
2020,경기도,연천군,0.5424114577550794
2020,경기도,가평군,0.5943396226415094
2020,경기도,양평군,0.6456545515732794
2020,강원도,춘천시,0.5564771668219944
2020,강원도,원주시,0.5490874722114988
2020,강원도,강릉시,0.5414252488983189
2020,강원도,동해시,0.5949715446068347
2020,강원도,태백시,0.6158398794791778
2020,강원도,속초시,0.5893786391381396
2020,강원도,삼척시,0.5454752307892342
2020,강원도,홍천군,0.6468312390865204
2020,강원도,횡성군,0.6461278426551936
2020,강원도,영월군,0.6358310387251743
2020,강원도,평창군,0.6323408904670855
2020,강원도,정선군,0.5906605222734255
2020,강원도,철원군,0.5847477604903347
2020,강원도,화천군,0.536013738761491
2020,강원도,양구군,0.5589719516488675
2020,강원도,인제군,0.5860864040660737
2020,강원도,고성군,0.608547300179135
2020,강원도,양양군,0.6443524829600779
2020,충청북도,충주시,0.5982789368513783
2020,충청북도,제천시,0.5891756032171582
2020,충청북도,청주시,0.5723599595783285
2020,충청북도,상당구,0.6559934546261371
2020,충청북도,서원구,0.5434625884911302
2020,충청북도,흥덕구,0.5554493652625505
2020,충청북도,청원구,0.5511643182015342
2020,충청북도,보은군,0.6605620019572207
2020,충청북도,옥천군,0.685295111239805
2020,충청북도,영동군,0.6344357605794891
2020,충청북도,진천군,0.5262718932443703
2020,충청북도,괴산군,0.6001427865341314
2020,충청북도,음성군,0.5357691735660106
2020,충청북도,단양군,0.6690653109112241
2020,충청북도,증평군,0.5029909634720632
2020,충청남도,천안시,0.5431164243200209
2020,충청남도,동남구,0.5472932991446862
2020,충청남도,서북구,0.5402786153293253
2020,충청남도,공주시,0.573703021769739
2020,충청남도,보령시,0.6192800056581088
2020,충청남도,아산시,0.5623691528919164
2020,충청남도,서산시,0.6086167800453515
2020,충청남도,논산시,0.5618181455553561
2020,충청남도,계룡시,0.5985994582810332
2020,충청남도,당진시,0.5814700646897929
2020,충청남도,금산군,0.626607043040805
2020,충청남도,부여군,0.6525130594380912
2020,충청남도,서천군,0.647740236946029
2020,충청남도,청양군,0.6610996157256872
2020,충청남도,홍성군,0.5798295980737174
2020,충청남도,예산군,0.6597178916109874
2020,충청남도,태안군,0.6212905760097133
2020,전라북도,전주시,0.5863395969981682
2020,전라북도,완산구,0.5702202905961055
2020,전라북도,덕진구,0.6038059621096695
2020,전라북도,군산시,0.5866818104581593
2020,전라북도,익산시,0.5673368264224852
2020,전라북도,정읍시,0.5868174896671743
2020,전라북도,남원시,0.6308942132218756
2020,전라북도,김제시,0.6159610340951668
2020,전라북도,완주군,0.5786620321133045
2020,전라북도,진안군,0.6928986321903691
2020,전라북도,무주군,0.6588021778584392
2020,전라북도,장수군,0.6761163806884791
2020,전라북도,임실군,0.5922037760416666
2020,전라북도,순창군,0.6838670902378294
2020,전라북도,고창군,0.5902943177951684
2020,전라북도,부안군,0.6593888416625654
2020,전라남도,목포시,0.5651915966564609
2020,전라남도,여수시,0.6054076176410402
2020,전라남도,순천시,0.6229021360069747
2020,전라남도,나주시,0.5653751778460523
2020,전라남도,광양시,0.6120653830170384
2020,전라남도,담양군,0.6708439614062327
2020,전라남도,곡성군,0.6768854913704784
2020,전라남도,구례군,0.6941593241892997
2020,전라남도,고흥군,0.608739837398374
2020,전라남도,보성군,0.6565894076811107
2020,전라남도,화순군,0.6086887898038906
2020,전라남도,장흥군,0.6432297985925746
2020,전라남도,강진군,0.7085245901639344
2020,전라남도,해남군,0.6397299438531225
2020,전라남도,영암군,0.5933118041981813
2020,전라남도,무안군,0.5715167845514764
2020,전라남도,함평군,0.6202540995715763
2020,전라남도,영광군,0.5859504132231405
2020,전라남도,장성군,0.636573940200104
2020,전라남도,완도군,0.5936705283978525
2020,전라남도,진도군,0.6258208955223881
2020,전라남도,신안군,0.6448452992474017
2020,경상북도,포항시,0.6135380966841641
2020,경상북도,남구,0.6243647421477964
2020,경상북도,북구,0.604208731547539
2020,경상북도,경주시,0.5982902909741387
2020,경상북도,김천시,0.6067679324894515
2020,경상북도,안동시,0.5962866890348775
2020,경상북도,구미시,0.587586052300922
2020,경상북도,영주시,0.6190726619335613
2020,경상북도,영천시,0.6144908790865706
2020,경상북도,상주시,0.646613445570373
2020,경상북도,문경시,0.6497023614836135
2020,경상북도,경산시,0.5567008533760452
2020,경상북도,군위군,0.6760208838336752
2020,경상북도,의성군,0.6876321572204486
2020,경상북도,청송군,0.6308965281924422
2020,경상북도,영양군,0.6676674063438194
2020,경상북도,영덕군,0.6367493664918381
2020,경상북도,청도군,0.7111736889644547
2020,경상북도,고령군,0.6174248036746185
2020,경상북도,성주군,0.6559846617365106
2020,경상북도,칠곡군,0.5980207754456461
2020,경상북도,예천군,0.657751341458342
2020,경상북도,봉화군,0.654626738575078
2020,경상북도,울진군,0.5847422490440871
2020,경상북도,울릉군,0.5221088435374149
2020,경상남도,진주시,0.5954043365607528
2020,경상남도,통영시,0.6417277428475762
2020,경상남도,사천시,0.6366351525569403
2020,경상남도,김해시,0.6340219614805666
2020,경상남도,밀양시,0.6276007660833987
2020,경상남도,거제시,0.6662040756701483
2020,경상남도,양산시,0.6172518015710998
2020,경상남도,창원시,0.6131055827849485
2020,경상남도,의창구,0.5684095463654582
2020,경상남도,성산구,0.6538329701540043
2020,경상남도,마산합포구,0.6287776399938694
2020,경상남도,마산회원구,0.6439274654909988
2020,경상남도,진해구,0.5848563279104162
2020,경상남도,의령군,0.6452398344290237
2020,경상남도,함안군,0.6543891266801832
2020,경상남도,창녕군,0.6448639809722015
2020,경상남도,고성군,0.6789781750533146
2020,경상남도,남해군,0.699861545561766
2020,경상남도,하동군,0.670748649343967
2020,경상남도,산청군,0.6751649477932228
2020,경상남도,함양군,0.676977132653649
2020,경상남도,거창군,0.6780938393754348
2020,경상남도,합천군,0.68315209295397
2020,제주특별자치도,제주시,0.5444136541783435
2020,제주특별자치도,서귀포시,0.5597419138126496
2021,서울특별시,종로구,0.49221680420105024
2021,서울특별시,중구,0.41998716943474235
2021,서울특별시,용산구,0.44995824268731505
2021,서울특별시,성동구,0.48400892828049136
2021,서울특별시,광진구,0.4205713098037178
2021,서울특별시,동대문구,0.45260561450217296
2021,서울특별시,중랑구,0.47197178046155686
2021,서울특별시,성북구,0.517084921381313
2021,서울특별시,강북구,0.49770196963070384
2021,서울특별시,도봉구,0.6142059654777754
2021,서울특별시,노원구,0.5669613573393643
2021,서울특별시,은평구,0.5355065951886627
2021,서울특별시,서대문구,0.49600130812224996
2021,서울특별시,마포구,0.4520599707459776
2021,서울특별시,양천구,0.5796976626770811
2021,서울특별시,강서구,0.45912938428059397
2021,서울특별시,구로구,0.5363935570437492
2021,서울특별시,금천구,0.4416457227962394
2021,서울특별시,영등포구,0.4567405262345862
2021,서울특별시,동작구,0.4747289133638226
2021,서울특별시,관악구,0.3532117536685681
2021,서울특별시,서초구,0.5379771188179766
2021,서울특별시,강남구,0.49724390059099866
2021,서울특별시,송파구,0.5001812027234384
2021,서울특별시,강동구,0.4882037952772041
2021,부산광역시,중구,0.46037841888347697
2021,부산광역시,서구,0.5183517933041603
2021,부산광역시,동구,0.5013623303279501
2021,부산광역시,영도구,0.5663888888888889
2021,부산광역시,부산진구,0.5380859253353928
2021,부산광역시,동래구,0.6226784333094149
2021,부산광역시,남구,0.6140774528217512
2021,부산광역시,북구,0.6410560817611686
2021,부산광역시,해운대구,0.6258872729077732
2021,부산광역시,사하구,0.6030728452327749
2021,부산광역시,금정구,0.5664870773795581
2021,부산광역시,강서구,0.5292784215584934
2021,부산광역시,연제구,0.6126676481157337
2021,부산광역시,수영구,0.553007614213198
2021,부산광역시,사상구,0.5598591549295775
2021,부산광역시,기장군,0.40968612698503865
2021,대구광역시,중구,0.49478085351787776
2021,대구광역시,동구,0.5592224979321754
2021,대구광역시,서구,0.535702693930542
2021,대구광역시,남구,0.44813354512963066
2021,대구광역시,북구,0.5849472549724027
2021,대구광역시,수성구,0.6327661673139757
2021,대구광역시,달서구,0.5943309591496878
2021,대구광역시,달성군,0.6274126036741338
2021,인천광역시,중구,0.46854820573778394
2021,인천광역시,동구,0.6475908251231527
2021,인천광역시,연수구,0.6292310835660287
2021,인천광역시,남동구,0.554276659138785
2021,인천광역시,부평구,0.5701179355204766
2021,인천광역시,계양구,0.6262819086099745
2021,인천광역시,서구,0.5898546933339676
2021,인천광역시,미추홀구,0.4953446339280114
2021,인천광역시,강화군,0.7123287671232876
2021,인천광역시,옹진군,0.5817751987964754
2021,광주광역시,동구,0.5273515475350338
2021,광주광역시,서구,0.5826095188507325
2021,광주광역시,남구,0.6022954535353984
2021,광주광역시,북구,0.5735362909513235
2021,광주광역시,광산구,0.5760382486899457
2021,대전광역시,동구,0.5020329267479837
2021,대전광역시,중구,0.5730393104641341
2021,대전광역시,서구,0.5210198032229721
2021,대전광역시,유성구,0.5030727686001256
2021,대전광역시,대덕구,0.5767717582008612
2021,울산광역시,중구,0.6169781503366772
2021,울산광역시,남구,0.6152022061608861
2021,울산광역시,동구,0.6471714506371476
2021,울산광역시,북구,0.6989276503325641
2021,울산광역시,울주군,0.6503457970199606
2021,세종특별자치시,세종시,0.5336591073333563
2021,경기도,수원시,0.5348817852282517
2021,경기도,장안구,0.5606198554413868
2021,경기도,권선구,0.5187937961959875
2021,경기도,팔달구,0.4768147726308902
2021,경기도,영통구,0.5651015904421277
2021,경기도,성남시,0.49535832355764103
2021,경기도,수정구,0.39456067344043116
2021,경기도,중원구,0.45587815743849713
2021,경기도,분당구,0.5746229035449023
2021,경기도,의정부시,0.549438644338204
2021,경기도,안양시,0.6055914040444778
2021,경기도,만안구,0.5766902119071645
2021,경기도,동안구,0.6298918230989501
2021,경기도,부천시,0.5895795189486093
2021,경기도,광명시,0.5871627604401959
2021,경기도,평택시,0.5278921171830597
2021,경기도,동두천시,0.56078860898138
2021,경기도,안산시,0.5307327942336523
2021,경기도,상록구,0.5168167142030279
2021,경기도,단원구,0.5468150607652881
2021,경기도,고양시,0.5597209689227678
2021,경기도,덕양구,0.5482003270689226
2021,경기도,일산동구,0.490269622425136
2021,경기도,일산서구,0.6560555131862649
2021,경기도,과천시,0.5628130129203316
2021,경기도,구리시,0.5789660249768228
2021,경기도,남양주시,0.584265822261788
2021,경기도,오산시,0.517183175375325
2021,경기도,시흥시,0.5241351647491587
2021,경기도,군포시,0.6037425063683898
2021,경기도,의왕시,0.5806674338319908
2021,경기도,하남시,0.4539061996000258
2021,경기도,용인시,0.6295365957103042
2021,경기도,처인구,0.5788139447126781
2021,경기도,기흥구,0.6186683577987926
2021,경기도,수지구,0.6825245220660694
2021,경기도,파주시,0.4976911095333234
2021,경기도,이천시,0.5951324643761965
2021,경기도,안성시,0.5717861545933426
2021,경기도,김포시,0.5973104773163883
2021,경기도,화성시,0.5399933222427892
2021,경기도,광주시,0.6522942047906704
2021,경기도,양주시,0.5551213175393016
2021,경기도,포천시,0.5512397366067799
2021,경기도,여주시,0.6137455838142678
2021,경기도,연천군,0.5450332570057791
2021,경기도,가평군,0.5953243583387361
2021,경기도,양평군,0.6478592899504427
2021,강원도,춘천시,0.5634219015489177
2021,강원도,원주시,0.5528663898702839
2021,강원도,강릉시,0.5555421018112103
2021,강원도,동해시,0.5948275862068966
2021,강원도,태백시,0.6223361640762698
2021,강원도,속초시,0.5979375818419904
2021,강원도,삼척시,0.5727820261216756
2021,강원도,홍천군,0.6442038517319303
2021,강원도,횡성군,0.6565544952285284
2021,강원도,영월군,0.6437463641652124
2021,강원도,평창군,0.6375614234029915
2021,강원도,정선군,0.5948869223205506
2021,강원도,철원군,0.5866729070379687
2021,강원도,화천군,0.5306346826586706
2021,강원도,양구군,0.5663574945608612
2021,강원도,인제군,0.5771449981266392
2021,강원도,고성군,0.6339226150767178
2021,강원도,양양군,0.6539403999683819
2021,충청북도,충주시,0.5955217619297326
2021,충청북도,제천시,0.5975469719915458
2021,충청북도,청주시,0.5728112319971463
2021,충청북도,상당구,0.6460818438995137
2021,충청북도,서원구,0.5655766293432114
2021,충청북도,흥덕구,0.5465184774510993
2021,충청북도,청원구,0.5490663155374671
2021,충청북도,보은군,0.6562823789459142
2021,충청북도,옥천군,0.6939005493731512
2021,충청북도,영동군,0.6394242151617028
2021,충청북도,진천군,0.5307755324959039
2021,충청북도,괴산군,0.6171028504750792
2021,충청북도,음성군,0.5420077972709552
2021,충청북도,단양군,0.6723321691889794
2021,충청북도,증평군,0.5165671172587236
2021,충청남도,천안시,0.5402402200424085
2021,충청남도,동남구,0.5570718497799789
2021,충청남도,서북구,0.5291401582574062
2021,충청남도,공주시,0.5798840792053608
2021,충청남도,보령시,0.6121710907615625
2021,충청남도,아산시,0.5542372630769685
2021,충청남도,서산시,0.6162018944161092
2021,충청남도,논산시,0.5596869270350728
2021,충청남도,계룡시,0.5943835788943458
2021,충청남도,당진시,0.5851233205776375
2021,충청남도,금산군,0.6254345680072106
2021,충청남도,부여군,0.6487368421052632
2021,충청남도,서천군,0.6275490238706031
2021,충청남도,청양군,0.6593430656934307
2021,충청남도,홍성군,0.5894026092927444
2021,충청남도,예산군,0.654813250007335
2021,충청남도,태안군,0.6241977572466323
2021,전라북도,전주시,0.5775995402559809
2021,전라북도,완산구,0.5623441824687678
2021,전라북도,덕진구,0.5938969719648111
2021,전라북도,군산시,0.5833770870523994
2021,전라북도,익산시,0.583481327697041
2021,전라북도,정읍시,0.6066024168795209
2021,전라북도,남원시,0.6270866050136683
2021,전라북도,김제시,0.6113405291487484
2021,전라북도,완주군,0.5835374321424063
2021,전라북도,진안군,0.6923076923076923
2021,전라북도,무주군,0.6506701659012091
2021,전라북도,장수군,0.6744604316546763
2021,전라북도,임실군,0.5914917939087123
2021,전라북도,순창군,0.6755735028782541
2021,전라북도,고창군,0.5824171177266576
2021,전라북도,부안군,0.6560635290950693
2021,전라남도,목포시,0.5762347813331657
2021,전라남도,여수시,0.6063078379136287
2021,전라남도,순천시,0.6257029238126938
2021,전라남도,나주시,0.581480007957032
2021,전라남도,광양시,0.613244408515225
2021,전라남도,담양군,0.6783575705731394
2021,전라남도,곡성군,0.6750253886415124
2021,전라남도,구례군,0.6959677419354838
2021,전라남도,고흥군,0.602407612898887
2021,전라남도,보성군,0.6492665375034598
2021,전라남도,화순군,0.6118683001531393
2021,전라남도,장흥군,0.6464041613742213
2021,전라남도,강진군,0.7077744497981509
2021,전라남도,해남군,0.6331112250128139
2021,전라남도,영암군,0.5920093321668125
2021,전라남도,무안군,0.6051911835684024
2021,전라남도,함평군,0.6105362867968522
2021,전라남도,영광군,0.5794052010748281
2021,전라남도,장성군,0.631473990086035
2021,전라남도,완도군,0.5958505444986857
2021,전라남도,진도군,0.627497062279671
2021,전라남도,신안군,0.6460888200976307
2021,경상북도,포항시,0.6109835527857176
2021,경상북도,남구,0.6145985695984183
2021,경상북도,북구,0.6078475983793764
2021,경상북도,경주시,0.6062939521800281
2021,경상북도,김천시,0.612592530982284
2021,경상북도,안동시,0.6000083560804412
2021,경상북도,구미시,0.5879255132605483
2021,경상북도,영주시,0.6278537304889593
2021,경상북도,영천시,0.6219812823141866
2021,경상북도,상주시,0.6589676734580863
2021,경상북도,문경시,0.6498683957116261
2021,경상북도,경산시,0.5705222019638784
2021,경상북도,군위군,0.6651847735482078
2021,경상북도,의성군,0.6832075238213092
2021,경상북도,청송군,0.6394064581401231
2021,경상북도,영양군,0.6648970607276965
2021,경상북도,영덕군,0.6363368321736054
2021,경상북도,청도군,0.7058977994853212
2021,경상북도,고령군,0.6111520329994107
2021,경상북도,성주군,0.6538523750471774
2021,경상북도,칠곡군,0.6054037137492176
2021,경상북도,예천군,0.661777813791427
2021,경상북도,봉화군,0.6588890455378542
2021,경상북도,울진군,0.5824648016090693
2021,경상북도,울릉군,0.5155985489721886
2021,경상남도,진주시,0.6051288226990212
2021,경상남도,통영시,0.6446832914015096
2021,경상남도,사천시,0.6399074366256443
2021,경상남도,김해시,0.6333686611088506
2021,경상남도,밀양시,0.6480538922155689
2021,경상남도,거제시,0.6632098714525756
2021,경상남도,양산시,0.6251329043088976
2021,경상남도,창원시,0.6082257701288388
2021,경상남도,의창구,0.5708678685095424
2021,경상남도,성산구,0.6276128438347391
2021,경상남도,마산합포구,0.6246959581845469
2021,경상남도,마산회원구,0.6517132169901078
2021,경상남도,진해구,0.5673817242427313
2021,경상남도,의령군,0.63955622954745
2021,경상남도,함안군,0.6566366388816207
2021,경상남도,창녕군,0.643708267237245
2021,경상남도,고성군,0.6713657178773458
2021,경상남도,남해군,0.6984596552075895
2021,경상남도,하동군,0.6710695379554916
2021,경상남도,산청군,0.6679901682737758
2021,경상남도,함양군,0.6690200990719125
2021,경상남도,거창군,0.6679870227855742
2021,경상남도,합천군,0.6648632697226048
2021,제주특별자치도,제주시,0.5473372931133306
2021,제주특별자치도,서귀포시,0.5608339075567805
2022,서울특별시,종로구,0.4875042687280743
2022,서울특별시,중구,0.4195876288659794
2022,서울특별시,용산구,0.4496207467278617
2022,서울특별시,성동구,0.4830434676454551
2022,서울특별시,광진구,0.4196583217757553
2022,서울특별시,동대문구,0.4473164349120016
2022,서울특별시,중랑구,0.4690343840885637
2022,서울특별시,성북구,0.5194323049159655
2022,서울특별시,강북구,0.49340697010093315
2022,서울특별시,도봉구,0.6114130645473929
2022,서울특별시,노원구,0.5671305552033861
2022,서울특별시,은평구,0.5337349520402026
2022,서울특별시,서대문구,0.4943363495365436
2022,서울특별시,마포구,0.45088555159024896
2022,서울특별시,양천구,0.5815145502645502
2022,서울특별시,강서구,0.4514732458552683
2022,서울특별시,구로구,0.5267508922873283
2022,서울특별시,금천구,0.43038603655286434
2022,서울특별시,영등포구,0.45138404685538974
2022,서울특별시,동작구,0.47109950433131054
2022,서울특별시,관악구,0.3429933672978948
2022,서울특별시,서초구,0.5449825533595303
2022,서울특별시,강남구,0.509221219864564
2022,서울특별시,송파구,0.507105766602897
2022,서울특별시,강동구,0.48375662926738267
2022,부산광역시,중구,0.44904090593944995
2022,부산광역시,서구,0.5096530641554339
2022,부산광역시,동구,0.4901685393258427
2022,부산광역시,영도구,0.5726265949763262
2022,부산광역시,부산진구,0.5391740452526188
2022,부산광역시,동래구,0.6281597460611843
2022,부산광역시,남구,0.6007567655015593
2022,부산광역시,북구,0.6427329150184149
2022,부산광역시,해운대구,0.6280441104130214
2022,부산광역시,사하구,0.6066618987476604
2022,부산광역시,금정구,0.5601174460396331
2022,부산광역시,강서구,0.5395311036907475
2022,부산광역시,연제구,0.6062227099193014
2022,부산광역시,수영구,0.5454613289557139
2022,부산광역시,사상구,0.5707873492466418
2022,부산광역시,기장군,0.4166596585653015
2022,대구광역시,중구,0.49612486256000426
2022,대구광역시,동구,0.5620861487630164
2022,대구광역시,서구,0.5323378326684518
2022,대구광역시,남구,0.45137061868794026
2022,대구광역시,북구,0.5873521529967606
2022,대구광역시,수성구,0.6262060684771222
2022,대구광역시,달서구,0.5989053433640282
2022,대구광역시,달성군,0.6294360673216054
2022,인천광역시,중구,0.460833680948692
2022,인천광역시,동구,0.6778890262874466
2022,인천광역시,연수구,0.6354761871979512
2022,인천광역시,남동구,0.551179122182681
2022,인천광역시,부평구,0.5576748589687957
2022,인천광역시,계양구,0.6305394458643616
2022,인천광역시,서구,0.5732251305653624
2022,인천광역시,미추홀구,0.5072927942505775
2022,인천광역시,강화군,0.7184456064800574
2022,인천광역시,옹진군,0.5769270245304321
2022,광주광역시,동구,0.521592350473217
2022,광주광역시,서구,0.5815913319470286
2022,광주광역시,남구,0.6110359691661443
2022,광주광역시,북구,0.5762206287452165
2022,광주광역시,광산구,0.5792719569268497
2022,대전광역시,동구,0.5029286551044315
2022,대전광역시,중구,0.5626350328117112
2022,대전광역시,서구,0.5233949374576611
2022,대전광역시,유성구,0.5117223213201118
2022,대전광역시,대덕구,0.5813633864760858
2022,울산광역시,중구,0.6232058928304662
2022,울산광역시,남구,0.6162025813565338
2022,울산광역시,동구,0.641644412074128
2022,울산광역시,북구,0.6939537018029006
2022,울산광역시,울주군,0.652161831721685
2022,세종특별자치시,세종시,0.5698063225965627
2022,경기도,수원시,0.5294532477324505
2022,경기도,장안구,0.5488039416807092
2022,경기도,권선구,0.5181166414815506
2022,경기도,팔달구,0.46004670757395366
2022,경기도,영통구,0.5683617141362554
2022,경기도,성남시,0.5036299208621428
2022,경기도,수정구,0.3945794872282376
2022,경기도,중원구,0.45986400614309403
2022,경기도,분당구,0.588674370200244
2022,경기도,의정부시,0.5510019269851633
2022,경기도,안양시,0.6061956042098938
2022,경기도,만안구,0.5799781342640288
2022,경기도,동안구,0.62734952839791
2022,경기도,부천시,0.5937418579173219
2022,경기도,광명시,0.597886484962577
2022,경기도,평택시,0.5174280713806696
2022,경기도,동두천시,0.5616092823811325
2022,경기도,안산시,0.5322569236324919
2022,경기도,상록구,0.5171039567870805
2022,경기도,단원구,0.5497760439242884
2022,경기도,고양시,0.5559218681465378
2022,경기도,덕양구,0.5384258716708873
2022,경기도,일산동구,0.4939700463973799
2022,경기도,일산서구,0.6568541424891732
2022,경기도,과천시,0.5881583373827234
2022,경기도,구리시,0.5741576842247983
2022,경기도,남양주시,0.5713038702567441
2022,경기도,오산시,0.5094956285054437
2022,경기도,시흥시,0.5295918072706622
2022,경기도,군포시,0.6000453013958492
2022,경기도,의왕시,0.6001353179972937
2022,경기도,하남시,0.48538198723849046
2022,경기도,용인시,0.6369374532768503
2022,경기도,처인구,0.5788022551601525
2022,경기도,기흥구,0.6193269698855689
2022,경기도,수지구,0.7039779434839134
2022,경기도,파주시,0.4847568683633912
2022,경기도,이천시,0.5965058705435187
2022,경기도,안성시,0.5707999562400476
2022,경기도,김포시,0.5927582017010936
2022,경기도,화성시,0.5357208968368383
2022,경기도,광주시,0.6557350194934967
2022,경기도,양주시,0.5562745600546728
2022,경기도,포천시,0.514563684508048
2022,경기도,여주시,0.6170756646216768
2022,경기도,연천군,0.5551636186031367
2022,경기도,가평군,0.598199611534439
2022,경기도,양평군,0.658652894851399
2022,강원도,춘천시,0.5653647155916709
2022,강원도,원주시,0.5534897743831968
2022,강원도,강릉시,0.570215946673766
2022,강원도,동해시,0.5927634276342764
2022,강원도,태백시,0.6240090600226501
2022,강원도,속초시,0.5971414857874247
2022,강원도,삼척시,0.5938131823695916
2022,강원도,홍천군,0.6453352866751015
2022,강원도,횡성군,0.6637526547142787
2022,강원도,영월군,0.6480774708060382
2022,강원도,평창군,0.6463857998289136
2022,강원도,정선군,0.5975805456116529
2022,강원도,철원군,0.5898747574528136
2022,강원도,화천군,0.5308284201059259
2022,강원도,양구군,0.5709589662208117
2022,강원도,인제군,0.5771707750388629
2022,강원도,고성군,0.6395320497197173
2022,강원도,양양군,0.6562524286935572
2022,충청북도,충주시,0.6063767814417975
2022,충청북도,제천시,0.6124017852597281
2022,충청북도,청주시,0.5677142693156009
2022,충청북도,상당구,0.6280934518264898
2022,충청북도,서원구,0.5546586933913208
2022,충청북도,흥덕구,0.5512539545830526
2022,충청북도,청원구,0.5468801740858129
2022,충청북도,보은군,0.6484289617486338
2022,충청북도,옥천군,0.697232317584568
2022,충청북도,영동군,0.661088680254901
2022,충청북도,진천군,0.52410790144435
2022,충청북도,괴산군,0.629320356135597
2022,충청북도,음성군,0.5449020449020449
2022,충청북도,단양군,0.6742084942084942
2022,충청북도,증평군,0.5232992173389525
2022,충청남도,천안시,0.5378052470670891
2022,충청남도,동남구,0.5573959599161692
2022,충청남도,서북구,0.5250156653310415
2022,충청남도,공주시,0.5864304142945479
2022,충청남도,보령시,0.5975196002017331
2022,충청남도,아산시,0.5543500671866224
2022,충청남도,서산시,0.6132334843287686
2022,충청남도,논산시,0.5629953161129666
2022,충청남도,계룡시,0.5893388921977367
2022,충청남도,당진시,0.5773333333333334
2022,충청남도,금산군,0.6431364124597208
2022,충청남도,부여군,0.6419285889484565
2022,충청남도,서천군,0.5950198858723845
2022,충청남도,청양군,0.652845998266397
2022,충청남도,홍성군,0.5897847212535453
2022,충청남도,예산군,0.6396739130434783
2022,충청남도,태안군,0.6221027645908964
2022,전라북도,전주시,0.5746681513689308
2022,전라북도,완산구,0.5567916888216287
2022,전라북도,덕진구,0.59392324015537
2022,전라북도,군산시,0.5804507246878134
2022,전라북도,익산시,0.5749429389550567
2022,전라북도,정읍시,0.5948312595875235
2022,전라북도,남원시,0.6295459155582601
2022,전라북도,김제시,0.5939723264803092
2022,전라북도,완주군,0.5863838950373078
2022,전라북도,진안군,0.6876669429860919
2022,전라북도,무주군,0.6454967502321263
2022,전라북도,장수군,0.6623417721518987
2022,전라북도,임실군,0.5678533946879794
2022,전라북도,순창군,0.6728342428376535
2022,전라북도,고창군,0.5546232589360631
2022,전라북도,부안군,0.6494163596822156
2022,전라남도,목포시,0.5734333489607751
2022,전라남도,여수시,0.6169199050572601
2022,전라남도,순천시,0.6327741800345617
2022,전라남도,나주시,0.5751012225323322
2022,전라남도,광양시,0.6179033233616138
2022,전라남도,담양군,0.6794926228638148
2022,전라남도,곡성군,0.6666149910859623
2022,전라남도,구례군,0.7002143239864261
2022,전라남도,고흥군,0.5828212708008105
2022,전라남도,보성군,0.6430587063575499
2022,전라남도,화순군,0.6066578399848686
2022,전라남도,장흥군,0.6442015786278081
2022,전라남도,강진군,0.7037737078798149
2022,전라남도,해남군,0.6288554155138846
2022,전라남도,영암군,0.5929403082978025
2022,전라남도,무안군,0.5908754297804814
2022,전라남도,함평군,0.5839384257914609
2022,전라남도,영광군,0.5635829139013853
2022,전라남도,장성군,0.6365635041434128
2022,전라남도,완도군,0.5948824277837991
2022,전라남도,진도군,0.6285252643948296
2022,전라남도,신안군,0.6482355718163578
2022,경상북도,포항시,0.6105196953108621
2022,경상북도,남구,0.6116753811326803
2022,경상북도,북구,0.6095147677487349
2022,경상북도,경주시,0.6108081526559358
2022,경상북도,김천시,0.6003798110767317
2022,경상북도,안동시,0.6004894803443049
2022,경상북도,구미시,0.581181729323738
2022,경상북도,영주시,0.6362646456727209
2022,경상북도,영천시,0.627422595769505
2022,경상북도,상주시,0.6618558587406509
2022,경상북도,문경시,0.6496387374825706
2022,경상북도,경산시,0.5653651622048259
2022,경상북도,군위군,0.6611533303531515
2022,경상북도,의성군,0.6775301574320179
2022,경상북도,청송군,0.6322715842414082
2022,경상북도,영양군,0.6627592425608656
2022,경상북도,영덕군,0.6263002364066194
2022,경상북도,청도군,0.7075457040758195
2022,경상북도,고령군,0.6088037437847323
2022,경상북도,성주군,0.6531708874228559
2022,경상북도,칠곡군,0.596523987359954
2022,경상북도,예천군,0.6615476665337057
2022,경상북도,봉화군,0.6633433967563014
2022,경상북도,울진군,0.5843164151806127
2022,경상북도,울릉군,0.5261299435028248
2022,경상남도,진주시,0.6002450655715988
2022,경상남도,통영시,0.6455487996451607
2022,경상남도,사천시,0.6395223260643821
2022,경상남도,김해시,0.6315823835550001
2022,경상남도,밀양시,0.6460459318417106
2022,경상남도,거제시,0.6649514362471585
2022,경상남도,양산시,0.6321342595776877
2022,경상남도,창원시,0.6060791542372563
2022,경상남도,의창구,0.5670514654512792
2022,경상남도,성산구,0.6252115396101698
2022,경상남도,마산합포구,0.6165399166889594
2022,경상남도,마산회원구,0.6490415190333424
2022,경상남도,진해구,0.5744948708040933
2022,경상남도,의령군,0.6331985090015069
2022,경상남도,함안군,0.6557407684257737
2022,경상남도,창녕군,0.6412903699893449
2022,경상남도,고성군,0.6773819090990267
2022,경상남도,남해군,0.6996566350232276
2022,경상남도,하동군,0.6647288815721782
2022,경상남도,산청군,0.6684338551737042
2022,경상남도,함양군,0.6690308669995461
2022,경상남도,거창군,0.6607724871689207
2022,경상남도,합천군,0.6547036964600039
2022,제주특별자치도,제주시,0.5513287521738913
2022,제주특별자치도,서귀포시,0.5667919733149785
